climber_key,climber,email,entry
D001,Maya Chen,maya.chen.demo@example.com,2026-05-24 17:30:00
D002,Diego Ramos,diego.ramos.demo@example.com,2026-05-24 17:30:00
D003,Sarah Kim,sarah.kim.demo@example.com,2026-05-25 17:30:00
D004,Tom Becker,tom.becker.demo@example.com,2026-05-26 17:30:00
D005,Priya Nair,priya.nair.demo@example.com,2026-05-27 17:30:00
D005,Priya Nair,priya.nair.demo@example.com,2026-05-29 17:30:00
D006,Jordan Wells,jordan.wells.demo@example.com,2026-05-26 17:30:00
D007,Ben Olsen,ben.olsen.demo@example.com,2026-05-31 17:30:00
D008,Chloe Adams,chloe.adams.demo@example.com,2026-05-30 17:30:00
D010,Ava Torres,ava.torres.demo@example.com,2026-05-19 17:30:00
D010,Ava Torres,ava.torres.demo@example.com,2026-05-28 17:30:00
D011,Ryan Foster,ryan.foster.demo@example.com,2026-05-10 17:30:00
D011,Ryan Foster,ryan.foster.demo@example.com,2026-05-15 17:30:00
D011,Ryan Foster,ryan.foster.demo@example.com,2026-05-20 17:30:00
D012,Nina Patel,nina.patel.demo@example.com,2026-05-08 17:30:00
D012,Nina Patel,nina.patel.demo@example.com,2026-05-12 17:30:00
D099,Luke (demo),lvvargo33@gmail.com,2026-05-15 17:30:00
D099,Luke (demo),lvvargo33@gmail.com,2026-05-29 17:30:00
D098,Chris (demo),chris@climbinggymgrowth.com,2026-05-16 17:30:00
D098,Chris (demo),chris@climbinggymgrowth.com,2026-05-27 17:30:00
